[Header],,,,,,,,,,
IEMFileVersion,5,,,,,,,,,
Investigator Name,Metabolomics/Genomics,,,,,,,,,
Experiment Name,test,,,,,,,,,
Date,10/25/2019,,,,,,,,,
Workflow,GenerateFASTQ,,,,,,,,,
Application,NovaSeq FASTQ Only,,,,,,,,,
Assay,,,,,,,,,,
Description,,,,,,,,,,
Chemistry,Default,,,,,,,,,
,,,,,,,,,,
[Reads],,,,,,,,,,
51,,,,,,,,,,
51,,,,,,,,,,
,,,,,,,,,,
[Settings],,,,,,,,,,
,,,,,,,,,,
[Data],,,,,,,,,,
Lane,Sample_ID,Sample_Name,Sample_Plate,Sample_Well,I7_Index_ID,index,I5_Index_ID,index2,Sample_Project,Description
1,1A,,,,,CAAGCTAG,,ACATAGCG,ADAM_20191010_Metabolomics_RNA_coExtraction,
1,2A,,,,,ATGTAAGT,,ACTCTATG,ADAM_20191010_Metabolomics_RNA_coExtraction,
1,3A,,,,,GGCATTCT,,CTAGCTTG,ADAM_20191010_Metabolomics_RNA_coExtraction,
1,4A,,,,,AAGATACT,,ACTTACAT,ADAM_20191010_Metabolomics_RNA_coExtraction,
1,5A,,,,,AGGCAGAG,,AGAATGCC,ADAM_20191010_Metabolomics_RNA_coExtraction,
1,6A,,,,,TTCCTGTT,,AGTATCTT,ADAM_20191010_Metabolomics_RNA_coExtraction,
1,7A,,,,,ACAGGCGC,,CTCTGCCT,ADAM_20191010_Metabolomics_RNA_coExtraction,
1,8A,,,,,GTATGTTC,,AACAGGAA,ADAM_20191010_Metabolomics_RNA_coExtraction,
1,9A,,,,,TGGATCGA,,GTGCGATA,ADAM_20191010_Metabolomics_RNA_coExtraction,
1,10A,,,,,GCACGGAC,,GTCTCGCA,ADAM_20191010_Metabolomics_RNA_coExtraction,
1,11A,,,,,AATGCCTC,,TCGATCCA,ADAM_20191010_Metabolomics_RNA_coExtraction,
1,12A,,,,,GGAGCGTC,,GTCCGTGC,ADAM_20191010_Metabolomics_RNA_coExtraction,
1,13A,,,,,GAATGAGA,,GAGGCATT,ADAM_20191010_Metabolomics_RNA_coExtraction,
1,14A,,,,,CCTTCACC,,GACGCTCC,ADAM_20191010_Metabolomics_RNA_coExtraction,
1,15A,,,,,GTGAATAT,,TCTCATTC,ADAM_20191010_Metabolomics_RNA_coExtraction,
1,16A,,,,,ACGCACCT,,GGTGAAGG,ADAM_20191010_Metabolomics_RNA_coExtraction,
1,17A,,,,,AGTTCAGG,,CCAACAGA,ADAM_20191010_Metabolomics_RNA_coExtraction,
1,18A,,,,,GGTACCTT,,AAGACGTC,ADAM_20191010_Metabolomics_RNA_coExtraction,
1,19A,,,,,TACCGAGG,,CCTGAACT,ADAM_20191010_Metabolomics_RNA_coExtraction,
1,20A,,,,,ATGGCATG,,AAGGTACC,ADAM_20191010_Metabolomics_RNA_coExtraction,
1,1B,,,,,TGCGGCGT,,CCTCGGTA,ADAM_20191010_Metabolomics_RNA_coExtraction,
1,2B,,,,,GCCACAGG,,CATGCCAT,ADAM_20191010_Metabolomics_RNA_coExtraction,
1,3B,,,,,AACTGTAG,,ACGCCGCA,ADAM_20191010_Metabolomics_RNA_coExtraction,
1,4B,,,,,TACTCATA,,CCTGTGGC,ADAM_20191010_Metabolomics_RNA_coExtraction,
1,5B,,,,,GACCTGAA,,TTGGTGAG,ADAM_20191010_Metabolomics_RNA_coExtraction,
1,6B,,,,,AACGTTCC,,GGAGTACT,ADAM_20191010_Metabolomics_RNA_coExtraction,
1,7B,,,,,CGTTAGAA,,TTCAGGTC,ADAM_20191010_Metabolomics_RNA_coExtraction,
1,8B,,,,,GCAATGCA,,GGAACGTT,ADAM_20191010_Metabolomics_RNA_coExtraction,
1,9B,,,,,CATAATAC,,TTCTAACG,ADAM_20191010_Metabolomics_RNA_coExtraction,
1,10B,,,,,ATTGTGAA,,TGCATTGC,ADAM_20191010_Metabolomics_RNA_coExtraction,
1,11B,,,,,GGTCACGA,,GTATTATG,ADAM_20191010_Metabolomics_RNA_coExtraction,
1,12B,,,,,CGTCTGCG,,TTCACAAT,ADAM_20191010_Metabolomics_RNA_coExtraction,
1,13B,,,,,TCTCTACT,,CGCGGTTC,ADAM_20191010_Metabolomics_RNA_coExtraction,
1,14B,,,,,GCAGAATT,,ACCGGCCA,ADAM_20191010_Metabolomics_RNA_coExtraction,
1,15B,,,,,AGCCTCAT,,AGTAGAGA,ADAM_20191010_Metabolomics_RNA_coExtraction,
1,16B,,,,,GTTCCAAT,,AATTCTGC,ADAM_20191010_Metabolomics_RNA_coExtraction,
1,17B,,,,,GATCTATC,,ATGAGGCT,ADAM_20191010_Metabolomics_RNA_coExtraction,
1,18B,,,,,ACTCGTGT,,ATTGGAAC,ADAM_20191010_Metabolomics_RNA_coExtraction,
1,19B,,,,,CTGCTTCC,,GATAGATC,ADAM_20191010_Metabolomics_RNA_coExtraction,
1,20B,,,,,TCGATATC,,ACACGAGT,ADAM_20191010_Metabolomics_RNA_coExtraction,
2,1A,,,,,CAAGCTAG,,ACATAGCG,ADAM_20191010_Metabolomics_RNA_coExtraction,
2,2A,,,,,ATGTAAGT,,ACTCTATG,ADAM_20191010_Metabolomics_RNA_coExtraction,
2,3A,,,,,GGCATTCT,,CTAGCTTG,ADAM_20191010_Metabolomics_RNA_coExtraction,
2,4A,,,,,AAGATACT,,ACTTACAT,ADAM_20191010_Metabolomics_RNA_coExtraction,
2,5A,,,,,AGGCAGAG,,AGAATGCC,ADAM_20191010_Metabolomics_RNA_coExtraction,
2,6A,,,,,TTCCTGTT,,AGTATCTT,ADAM_20191010_Metabolomics_RNA_coExtraction,
2,7A,,,,,ACAGGCGC,,CTCTGCCT,ADAM_20191010_Metabolomics_RNA_coExtraction,
2,8A,,,,,GTATGTTC,,AACAGGAA,ADAM_20191010_Metabolomics_RNA_coExtraction,
2,9A,,,,,TGGATCGA,,GTGCGATA,ADAM_20191010_Metabolomics_RNA_coExtraction,
2,10A,,,,,GCACGGAC,,GTCTCGCA,ADAM_20191010_Metabolomics_RNA_coExtraction,
2,11A,,,,,AATGCCTC,,TCGATCCA,ADAM_20191010_Metabolomics_RNA_coExtraction,
2,12A,,,,,GGAGCGTC,,GTCCGTGC,ADAM_20191010_Metabolomics_RNA_coExtraction,
2,13A,,,,,GAATGAGA,,GAGGCATT,ADAM_20191010_Metabolomics_RNA_coExtraction,
2,14A,,,,,CCTTCACC,,GACGCTCC,ADAM_20191010_Metabolomics_RNA_coExtraction,
2,15A,,,,,GTGAATAT,,TCTCATTC,ADAM_20191010_Metabolomics_RNA_coExtraction,
2,16A,,,,,ACGCACCT,,GGTGAAGG,ADAM_20191010_Metabolomics_RNA_coExtraction,
2,17A,,,,,AGTTCAGG,,CCAACAGA,ADAM_20191010_Metabolomics_RNA_coExtraction,
2,18A,,,,,GGTACCTT,,AAGACGTC,ADAM_20191010_Metabolomics_RNA_coExtraction,
2,19A,,,,,TACCGAGG,,CCTGAACT,ADAM_20191010_Metabolomics_RNA_coExtraction,
2,20A,,,,,ATGGCATG,,AAGGTACC,ADAM_20191010_Metabolomics_RNA_coExtraction,
2,1B,,,,,TGCGGCGT,,CCTCGGTA,ADAM_20191010_Metabolomics_RNA_coExtraction,
2,2B,,,,,GCCACAGG,,CATGCCAT,ADAM_20191010_Metabolomics_RNA_coExtraction,
2,3B,,,,,AACTGTAG,,ACGCCGCA,ADAM_20191010_Metabolomics_RNA_coExtraction,
2,4B,,,,,TACTCATA,,CCTGTGGC,ADAM_20191010_Metabolomics_RNA_coExtraction,
2,5B,,,,,GACCTGAA,,TTGGTGAG,ADAM_20191010_Metabolomics_RNA_coExtraction,
2,6B,,,,,AACGTTCC,,GGAGTACT,ADAM_20191010_Metabolomics_RNA_coExtraction,
2,7B,,,,,CGTTAGAA,,TTCAGGTC,ADAM_20191010_Metabolomics_RNA_coExtraction,
2,8B,,,,,GCAATGCA,,GGAACGTT,ADAM_20191010_Metabolomics_RNA_coExtraction,
2,9B,,,,,CATAATAC,,TTCTAACG,ADAM_20191010_Metabolomics_RNA_coExtraction,
2,10B,,,,,ATTGTGAA,,TGCATTGC,ADAM_20191010_Metabolomics_RNA_coExtraction,
2,11B,,,,,GGTCACGA,,GTATTATG,ADAM_20191010_Metabolomics_RNA_coExtraction,
2,12B,,,,,CGTCTGCG,,TTCACAAT,ADAM_20191010_Metabolomics_RNA_coExtraction,
2,13B,,,,,TCTCTACT,,CGCGGTTC,ADAM_20191010_Metabolomics_RNA_coExtraction,
2,14B,,,,,GCAGAATT,,ACCGGCCA,ADAM_20191010_Metabolomics_RNA_coExtraction,
2,15B,,,,,AGCCTCAT,,AGTAGAGA,ADAM_20191010_Metabolomics_RNA_coExtraction,
2,16B,,,,,GTTCCAAT,,AATTCTGC,ADAM_20191010_Metabolomics_RNA_coExtraction,
2,17B,,,,,GATCTATC,,ATGAGGCT,ADAM_20191010_Metabolomics_RNA_coExtraction,
2,18B,,,,,ACTCGTGT,,ATTGGAAC,ADAM_20191010_Metabolomics_RNA_coExtraction,
2,19B,,,,,CTGCTTCC,,GATAGATC,ADAM_20191010_Metabolomics_RNA_coExtraction,
2,20B,,,,,TCGATATC,,ACACGAGT,ADAM_20191010_Metabolomics_RNA_coExtraction,
