[Header],,,,,,,,,
IEMFileVersion,4,,,,,,,,
Investigator Name,Rothbart,,,,,,,,
Experiment Name,ROTS_20191017_ChIP,,,,,,,,
Date,10/25/19,,,,,,,,
Workflow,GenerateFASTQ,,,,,,,,
Application,NextSeq FASTQ Only,,,,,,,,
Assay,TruSeq HT,,,,,,,,
Description,l,,,,,,,,
Chemistry,Default,,,,,,,,
,,,,,,,,,
[Reads],,,,,,,,,
76,,,,,,,,,
76,,,,,,,,,
,,,,,,,,,
[Settings],,,,,,,,,
,,,,,,,,,
[Data],,,,,,,,,
Sample_ID,Sample_Name,Sample_Plate,Sample_Well,I7_Index_ID,index,I5_Index_ID,index2,Sample_Project,Description
VehM1,VehM1,,,,CAAGCTAG,,CGCTATGT,PROJECT_1,76
VehA1,VehA1,,,,ATGTAAGT,,CATAGAGT,PROJECT_1,76
VehIgG1,VehIgG1,,,,GGCATTCT,,CAAGCTAG,PROJECT_1,76
DACM1,DACM1,,,,AAGATACT,,ATGTAAGT,PROJECT_1,76
DACA1,DACA1,,,,AGGCAGAG,,GGCATTCT,PROJECT_1,76
EPZM1,EPZM1,,,,TTCCTGTT,,AAGATACT,PROJECT_1,76
EPZA1,EPZA1,,,,ACAGGCGC,,AGGCAGAG,PROJECT_1,76
EPZDACM1,EPZDACM1,,,,GTATGTTC,,TTCCTGTT,PROJECT_1,76
EPZDACA1,EPZDACA1,,,,TGGATCGA,,TATCGCAC,PROJECT_1,76
VehM2,VehM2,,,,GCACGGAC,,TGCGAGAC,PROJECT_1,76
VehA2,VehA2,,,,AATGCCTC,,TGGATCGA,PROJECT_2,50
VehIgG2,VehIgG2,,,,GGAGCGTC,,GCACGGAC,PROJECT_2,50
DACM2,DACM2,,,,GAATGAGA,,AATGCCTC,PROJECT_2,50
DACA2,DACA2,,,,CCTTCACC,,GGAGCGTC,PROJECT_2,50
EPZM2,EPZM2,,,,GTGAATAT,,GAATGAGA,PROJECT_2,50
EPZA2,EPZA2,,,,ACGCACCT,,CCTTCACC,PROJECT_2,50
EPZDACM2,EPZDACM2,,,,TGGTGGCA,,TTACAGGA,PROJECT_2,50
EPZDACA2,EPZDACA2,,,,GTGTCGGA,,GCGCAAGC,PROJECT_2,50
4GFP,4GFP,,,,TACGGTCT,,GCAATGGA,PROJECT_2,50
8H3K4me3,8H3K4me3,,,,TACTCCAG,,CCTATACC,PROJECT_2,50